product_id,product_category_name,product_name_lenght,product_description_lenght,product_photos_qty,product_weight_g,product_length_cm,product_height_cm,product_width_cm
prod_00000,livros_interesse_geral,52.0,204.0,6.0,27992.0,37.0,68.0,27.0
prod_00001,ferramentas_jardim,41.0,1541.0,2.0,24753.0,45.0,30.0,13.0
prod_00002,eletronicos,75.0,860.0,2.0,26542.0,60.0,29.0,43.0
prod_00003,,25.0,2377.0,1.0,12209.0,36.0,12.0,52.0
prod_00004,cama_mesa_banho,72.0,318.0,4.0,10849.0,47.0,41.0,62.0
prod_00005,bebes,64.0,455.0,7.0,9520.0,41.0,33.0,5.0
prod_00006,eletronicos,38.0,2172.0,5.0,9189.0,19.0,77.0,6.0
prod_00007,moveis_decoracao,66.0,3976.0,6.0,27594.0,,15.0,33.0
prod_00008,relogios_presentes,45.0,254.0,6.0,4167.0,90.0,,47.0
prod_00009,brinquedos,78.0,1896.0,5.0,25550.0,54.0,72.0,5.0
prod_00010,cool_stuff,22.0,3230.0,5.0,27494.0,28.0,64.0,18.0
prod_00011,cool_stuff,21.0,1233.0,2.0,25329.0,67.0,61.0,36.0
prod_00012,relogios_presentes,52.0,2022.0,7.0,18844.0,58.0,43.0,25.0
prod_00013,bebes,75.0,3370.0,6.0,25676.0,59.0,,58.0
prod_00014,bebes,23.0,2939.0,7.0,1001.0,63.0,19.0,7.0
prod_00015,livros_interesse_geral,66.0,1243.0,7.0,24527.0,74.0,65.0,71.0
prod_00016,brinquedos,76.0,3027.0,3.0,15354.0,13.0,47.0,17.0
prod_00017,beleza_saude,49.0,2735.0,2.0,28754.0,18.0,29.0,38.0
prod_00018,bebes,72.0,2076.0,7.0,2619.0,18.0,19.0,78.0
prod_00019,beleza_saude,65.0,1820.0,4.0,27905.0,23.0,42.0,54.0
prod_00020,informatica_acessorios,32.0,3708.0,7.0,,97.0,2.0,79.0
prod_00021,moveis_decoracao,71.0,3509.0,5.0,3160.0,75.0,57.0,6.0
prod_00022,esporte_lazer,61.0,3961.0,2.0,15293.0,69.0,20.0,58.0
prod_00023,ferramentas_jardim,20.0,2733.0,3.0,1161.0,72.0,32.0,10.0
prod_00024,telefonia,54.0,1500.0,5.0,2531.0,13.0,17.0,50.0
prod_00025,informatica_acessorios,59.0,527.0,3.0,15974.0,29.0,38.0,29.0
prod_00026,cama_mesa_banho,68.0,590.0,2.0,24485.0,81.0,30.0,63.0
prod_00027,informatica_acessorios,66.0,3809.0,2.0,3290.0,,16.0,14.0
prod_00028,ferramentas_jardim,48.0,1516.0,5.0,7906.0,55.0,71.0,72.0
prod_00029,perfumaria,37.0,530.0,1.0,11770.0,77.0,61.0,41.0
prod_00030,moveis_decoracao,31.0,971.0,1.0,16267.0,16.0,32.0,43.0
prod_00031,,25.0,181.0,1.0,71.0,81.0,6.0,47.0
prod_00032,automotivo,58.0,2170.0,6.0,19189.0,71.0,67.0,7.0
prod_00033,perfumaria,77.0,2404.0,1.0,14961.0,46.0,56.0,28.0
prod_00034,beleza_saude,24.0,1575.0,3.0,28871.0,54.0,45.0,58.0
prod_00035,perfumaria,62.0,3002.0,1.0,9074.0,16.0,49.0,77.0
prod_00036,esporte_lazer,55.0,1973.0,5.0,14839.0,28.0,2.0,78.0
prod_00037,moveis_decoracao,30.0,3843.0,1.0,2494.0,32.0,38.0,45.0
prod_00038,brinquedos,32.0,3076.0,1.0,,88.0,16.0,24.0
prod_00039,cama_mesa_banho,37.0,393.0,3.0,25024.0,20.0,52.0,40.0
prod_00040,moveis_decoracao,61.0,1168.0,5.0,10677.0,36.0,74.0,39.0
prod_00041,esporte_lazer,37.0,3041.0,1.0,13841.0,21.0,43.0,34.0
prod_00042,informatica_acessorios,69.0,2196.0,4.0,25730.0,35.0,49.0,32.0
prod_00043,perfumaria,42.0,3037.0,6.0,8897.0,10.0,,70.0
prod_00044,informatica_acessorios,26.0,1407.0,5.0,7112.0,34.0,74.0,34.0
prod_00045,cama_mesa_banho,25.0,248.0,6.0,7296.0,75.0,4.0,7.0
prod_00046,informatica_acessorios,44.0,3161.0,3.0,21239.0,79.0,26.0,59.0
prod_00047,beleza_saude,44.0,3161.0,7.0,,44.0,22.0,54.0
prod_00048,brinquedos,64.0,2594.0,2.0,2703.0,73.0,57.0,33.0
prod_00049,livros_interesse_geral,48.0,1677.0,5.0,5005.0,65.0,36.0,52.0
prod_00050,esporte_lazer,29.0,133.0,4.0,29582.0,91.0,62.0,75.0
prod_00051,ferramentas_jardim,32.0,2938.0,1.0,26191.0,82.0,38.0,74.0
prod_00052,utilidades_domesticas,53.0,2674.0,7.0,28620.0,30.0,78.0,64.0
prod_00053,beleza_saude,40.0,2703.0,5.0,8355.0,62.0,61.0,48.0
prod_00054,ferramentas_jardim,60.0,763.0,2.0,13294.0,80.0,3.0,7.0
prod_00055,informatica_acessorios,75.0,2951.0,1.0,14748.0,37.0,79.0,43.0
prod_00056,automotivo,41.0,2925.0,5.0,15741.0,,76.0,66.0
prod_00057,automotivo,53.0,3444.0,4.0,852.0,46.0,5.0,68.0
prod_00058,brinquedos,69.0,2312.0,1.0,17953.0,37.0,32.0,62.0
prod_00059,esporte_lazer,32.0,2953.0,7.0,1211.0,27.0,77.0,78.0
prod_00060,moveis_decoracao,50.0,1665.0,6.0,8287.0,13.0,67.0,43.0
prod_00061,,38.0,2817.0,4.0,8806.0,77.0,38.0,13.0
prod_00062,eletronicos,57.0,2806.0,2.0,20250.0,83.0,44.0,
prod_00063,cama_mesa_banho,64.0,3140.0,2.0,26900.0,68.0,4.0,28.0
prod_00064,relogios_presentes,28.0,3440.0,4.0,20971.0,31.0,46.0,67.0
prod_00065,eletronicos,31.0,112.0,1.0,13091.0,11.0,53.0,63.0
prod_00066,,21.0,3137.0,3.0,15776.0,66.0,30.0,36.0
prod_00067,telefonia,20.0,3190.0,2.0,15396.0,27.0,25.0,34.0
prod_00068,eletronicos,23.0,2226.0,1.0,4474.0,59.0,66.0,16.0
prod_00069,livros_interesse_geral,62.0,2126.0,1.0,28721.0,97.0,36.0,8.0
prod_00070,cool_stuff,74.0,2918.0,3.0,27579.0,10.0,22.0,28.0
prod_00071,ferramentas_jardim,44.0,1875.0,3.0,,61.0,31.0,23.0
prod_00072,brinquedos,72.0,1714.0,3.0,3495.0,99.0,40.0,
prod_00073,moveis_decoracao,63.0,3233.0,5.0,4992.0,40.0,22.0,79.0
prod_00074,eletronicos,68.0,3177.0,4.0,18893.0,83.0,45.0,56.0
prod_00075,cama_mesa_banho,64.0,907.0,2.0,931.0,84.0,69.0,46.0
prod_00076,cama_mesa_banho,31.0,3333.0,7.0,3137.0,53.0,59.0,18.0
prod_00077,brinquedos,51.0,1373.0,6.0,19466.0,37.0,20.0,68.0
prod_00078,bebes,51.0,635.0,4.0,4425.0,71.0,38.0,53.0
prod_00079,bebes,58.0,3525.0,1.0,,65.0,44.0,43.0
prod_00080,cool_stuff,67.0,1028.0,7.0,665.0,52.0,55.0,39.0
prod_00081,relogios_presentes,26.0,891.0,6.0,21188.0,27.0,61.0,46.0
prod_00082,utilidades_domesticas,60.0,1152.0,4.0,10932.0,77.0,39.0,67.0
prod_00083,relogios_presentes,69.0,2017.0,2.0,8569.0,29.0,26.0,59.0
prod_00084,moveis_decoracao,26.0,747.0,1.0,19205.0,22.0,53.0,41.0
prod_00085,relogios_presentes,44.0,722.0,3.0,5157.0,16.0,11.0,55.0
prod_00086,beleza_saude,73.0,1630.0,2.0,,50.0,54.0,74.0
prod_00087,utilidades_domesticas,21.0,949.0,2.0,14541.0,20.0,71.0,29.0
prod_00088,livros_interesse_geral,29.0,852.0,3.0,20252.0,40.0,57.0,72.0
prod_00089,ferramentas_jardim,68.0,3657.0,1.0,18736.0,31.0,35.0,50.0
prod_00090,esporte_lazer,30.0,2422.0,3.0,20266.0,51.0,66.0,18.0
prod_00091,moveis_decoracao,62.0,153.0,7.0,6433.0,79.0,43.0,77.0
prod_00092,moveis_decoracao,74.0,496.0,7.0,4248.0,50.0,,56.0
prod_00093,moveis_decoracao,49.0,3274.0,1.0,16038.0,60.0,68.0,33.0
prod_00094,ferramentas_jardim,49.0,1152.0,5.0,1767.0,22.0,17.0,21.0
prod_00095,eletronicos,45.0,694.0,7.0,13655.0,20.0,62.0,73.0
prod_00096,ferramentas_jardim,42.0,2695.0,5.0,18779.0,97.0,55.0,66.0
prod_00097,telefonia,42.0,3368.0,3.0,,65.0,43.0,8.0
prod_00098,esporte_lazer,53.0,1654.0,4.0,19614.0,11.0,8.0,52.0
prod_00099,esporte_lazer,73.0,2997.0,2.0,29840.0,60.0,61.0,
prod_00100,bebes,78.0,1743.0,3.0,16723.0,10.0,19.0,27.0
prod_00101,cool_stuff,71.0,524.0,7.0,13413.0,16.0,71.0,47.0
prod_00102,automotivo,27.0,3211.0,5.0,7410.0,43.0,63.0,23.0
prod_00103,brinquedos,38.0,3683.0,4.0,20210.0,69.0,30.0,43.0
prod_00104,bebes,65.0,3939.0,1.0,24332.0,65.0,35.0,37.0
prod_00105,bebes,52.0,490.0,7.0,9663.0,81.0,3.0,48.0
prod_00106,beleza_saude,40.0,2303.0,2.0,2316.0,26.0,40.0,65.0
prod_00107,relogios_presentes,38.0,2531.0,6.0,363.0,27.0,6.0,16.0
prod_00108,cama_mesa_banho,27.0,408.0,3.0,18987.0,57.0,79.0,64.0
prod_00109,relogios_presentes,39.0,3811.0,2.0,19907.0,88.0,51.0,21.0
prod_00110,cool_stuff,45.0,501.0,2.0,3656.0,,20.0,7.0
prod_00111,informatica_acessorios,44.0,1148.0,3.0,,70.0,64.0,38.0
prod_00112,esporte_lazer,52.0,3877.0,5.0,19650.0,18.0,3.0,27.0
prod_00113,telefonia,36.0,2268.0,3.0,11962.0,89.0,44.0,18.0
prod_00114,automotivo,32.0,2749.0,1.0,12560.0,98.0,10.0,36.0
prod_00115,ferramentas_jardim,73.0,2025.0,2.0,7911.0,62.0,6.0,70.0
prod_00116,cama_mesa_banho,44.0,3034.0,2.0,21557.0,40.0,21.0,48.0
prod_00117,informatica_acessorios,35.0,417.0,3.0,22352.0,69.0,24.0,59.0
prod_00118,perfumaria,58.0,2735.0,7.0,1613.0,67.0,58.0,16.0
prod_00119,cool_stuff,52.0,359.0,7.0,2719.0,93.0,71.0,10.0
prod_00120,eletronicos,54.0,800.0,7.0,16674.0,19.0,62.0,30.0
prod_00121,,33.0,2074.0,1.0,18113.0,56.0,59.0,63.0
prod_00122,bebes,63.0,1848.0,4.0,4389.0,73.0,,
prod_00123,automotivo,31.0,694.0,1.0,4785.0,41.0,30.0,12.0
prod_00124,livros_interesse_geral,70.0,3212.0,4.0,20487.0,85.0,21.0,40.0
prod_00125,,45.0,1277.0,5.0,13668.0,15.0,75.0,34.0
prod_00126,eletronicos,44.0,3478.0,6.0,3642.0,19.0,42.0,60.0
prod_00127,relogios_presentes,43.0,158.0,3.0,18305.0,81.0,46.0,20.0
prod_00128,telefonia,45.0,1025.0,1.0,2253.0,21.0,3.0,41.0
prod_00129,,59.0,1257.0,4.0,6957.0,47.0,37.0,68.0
prod_00130,relogios_presentes,49.0,2424.0,3.0,21408.0,35.0,55.0,39.0
prod_00131,esporte_lazer,27.0,1664.0,5.0,6710.0,71.0,40.0,63.0
prod_00132,eletronicos,53.0,712.0,1.0,,11.0,49.0,51.0
prod_00133,telefonia,36.0,2327.0,5.0,28801.0,42.0,65.0,49.0
prod_00134,eletronicos,26.0,3837.0,3.0,6774.0,98.0,3.0,24.0
prod_00135,relogios_presentes,70.0,621.0,6.0,15470.0,43.0,72.0,79.0
prod_00136,livros_interesse_geral,38.0,1083.0,7.0,24750.0,63.0,65.0,23.0
prod_00137,brinquedos,55.0,1966.0,2.0,29697.0,98.0,34.0,74.0
prod_00138,perfumaria,30.0,2933.0,6.0,24300.0,64.0,61.0,79.0
prod_00139,perfumaria,40.0,632.0,1.0,10222.0,77.0,,43.0
prod_00140,informatica_acessorios,43.0,1001.0,7.0,25631.0,96.0,26.0,70.0
prod_00141,bebes,28.0,1017.0,4.0,431.0,65.0,10.0,58.0
prod_00142,livros_interesse_geral,78.0,2502.0,6.0,9816.0,84.0,51.0,60.0
prod_00143,cool_stuff,38.0,421.0,6.0,6022.0,55.0,68.0,10.0
prod_00144,livros_interesse_geral,54.0,2671.0,5.0,15865.0,83.0,48.0,15.0
prod_00145,bebes,53.0,1759.0,3.0,26753.0,67.0,57.0,10.0
prod_00146,cool_stuff,45.0,1380.0,6.0,23211.0,40.0,13.0,7.0
prod_00147,telefonia,55.0,3462.0,4.0,29949.0,60.0,74.0,67.0
prod_00148,bebes,53.0,3293.0,5.0,4152.0,40.0,17.0,18.0
prod_00149,esporte_lazer,24.0,3231.0,5.0,22578.0,45.0,43.0,5.0
prod_00150,automotivo,60.0,3552.0,4.0,21745.0,36.0,55.0,75.0
prod_00151,bebes,26.0,1012.0,1.0,13721.0,54.0,68.0,25.0
prod_00152,livros_interesse_geral,46.0,3434.0,3.0,2969.0,41.0,74.0,66.0
prod_00153,moveis_decoracao,41.0,786.0,7.0,3179.0,66.0,48.0,77.0
prod_00154,beleza_saude,46.0,1390.0,4.0,27401.0,43.0,46.0,44.0
prod_00155,utilidades_domesticas,24.0,2266.0,5.0,8891.0,54.0,34.0,74.0
prod_00156,bebes,62.0,3002.0,2.0,19137.0,22.0,46.0,77.0
prod_00157,automotivo,45.0,2352.0,5.0,28369.0,44.0,54.0,15.0
prod_00158,cama_mesa_banho,23.0,2282.0,4.0,14824.0,42.0,52.0,15.0
prod_00159,beleza_saude,20.0,1568.0,2.0,6337.0,96.0,48.0,32.0
prod_00160,utilidades_domesticas,52.0,2411.0,2.0,14567.0,50.0,36.0,46.0
prod_00161,utilidades_domesticas,59.0,1952.0,3.0,6922.0,11.0,17.0,63.0
prod_00162,esporte_lazer,52.0,1961.0,4.0,5481.0,37.0,6.0,18.0
prod_00163,telefonia,63.0,2384.0,2.0,24339.0,75.0,34.0,19.0
prod_00164,telefonia,65.0,2441.0,2.0,10410.0,24.0,32.0,27.0
prod_00165,informatica_acessorios,72.0,1386.0,2.0,20559.0,24.0,49.0,25.0
prod_00166,informatica_acessorios,78.0,629.0,3.0,21827.0,43.0,72.0,75.0
prod_00167,cool_stuff,73.0,1268.0,6.0,16505.0,42.0,56.0,34.0
prod_00168,livros_interesse_geral,67.0,1694.0,4.0,16251.0,53.0,64.0,70.0
prod_00169,livros_interesse_geral,45.0,727.0,4.0,5456.0,13.0,47.0,9.0
prod_00170,automotivo,50.0,792.0,2.0,15902.0,74.0,74.0,12.0
prod_00171,cama_mesa_banho,56.0,3808.0,4.0,22558.0,29.0,75.0,65.0
prod_00172,eletronicos,30.0,1192.0,7.0,5897.0,74.0,,23.0
prod_00173,livros_interesse_geral,60.0,2982.0,6.0,6999.0,60.0,,11.0
prod_00174,moveis_decoracao,55.0,598.0,4.0,20726.0,28.0,41.0,49.0
prod_00175,relogios_presentes,51.0,3891.0,3.0,29454.0,52.0,77.0,16.0
prod_00176,cama_mesa_banho,70.0,928.0,3.0,11791.0,13.0,47.0,9.0
prod_00177,perfumaria,61.0,1636.0,1.0,24858.0,73.0,3.0,35.0
prod_00178,perfumaria,75.0,3149.0,1.0,5523.0,37.0,18.0,46.0
prod_00179,cama_mesa_banho,78.0,885.0,6.0,17113.0,44.0,12.0,44.0
prod_00180,ferramentas_jardim,69.0,2244.0,6.0,28316.0,24.0,17.0,48.0
prod_00181,relogios_presentes,37.0,3163.0,7.0,13274.0,42.0,9.0,6.0
prod_00182,automotivo,31.0,192.0,5.0,15228.0,45.0,62.0,26.0
prod_00183,informatica_acessorios,37.0,198.0,7.0,4694.0,30.0,40.0,30.0
prod_00184,bebes,62.0,3175.0,3.0,,98.0,54.0,26.0
prod_00185,relogios_presentes,71.0,1124.0,2.0,17589.0,35.0,79.0,46.0
prod_00186,bebes,72.0,3646.0,2.0,29442.0,26.0,52.0,22.0
prod_00187,esporte_lazer,61.0,3716.0,2.0,6068.0,59.0,39.0,52.0
prod_00188,brinquedos,60.0,3533.0,6.0,11023.0,38.0,22.0,75.0
prod_00189,moveis_decoracao,77.0,3987.0,1.0,19435.0,50.0,60.0,54.0
prod_00190,livros_interesse_geral,61.0,3309.0,7.0,28293.0,75.0,41.0,34.0
prod_00191,automotivo,28.0,1595.0,6.0,7174.0,17.0,61.0,37.0
prod_00192,ferramentas_jardim,50.0,3969.0,3.0,20863.0,55.0,3.0,48.0
prod_00193,beleza_saude,41.0,1448.0,5.0,26386.0,11.0,14.0,59.0
prod_00194,cool_stuff,58.0,2386.0,1.0,19011.0,,12.0,27.0
prod_00195,beleza_saude,58.0,122.0,4.0,12832.0,18.0,55.0,
prod_00196,utilidades_domesticas,37.0,3854.0,1.0,7070.0,24.0,42.0,57.0
prod_00197,informatica_acessorios,37.0,2408.0,1.0,8677.0,41.0,26.0,54.0
prod_00198,cama_mesa_banho,25.0,3800.0,1.0,1600.0,94.0,26.0,12.0
prod_00199,brinquedos,37.0,1476.0,6.0,4603.0,91.0,49.0,51.0
prod_00200,informatica_acessorios,69.0,1321.0,6.0,13161.0,19.0,77.0,10.0
prod_00201,automotivo,59.0,2137.0,7.0,4257.0,99.0,79.0,53.0
prod_00202,perfumaria,76.0,3467.0,7.0,354.0,67.0,38.0,60.0
prod_00203,esporte_lazer,75.0,2240.0,7.0,20795.0,59.0,,6.0
prod_00204,ferramentas_jardim,71.0,3190.0,7.0,2176.0,81.0,8.0,59.0
prod_00205,moveis_decoracao,30.0,936.0,1.0,4276.0,53.0,75.0,14.0
prod_00206,utilidades_domesticas,40.0,3125.0,6.0,17880.0,33.0,3.0,24.0
prod_00207,brinquedos,23.0,2956.0,6.0,27658.0,57.0,28.0,57.0
prod_00208,cool_stuff,25.0,3595.0,2.0,21747.0,75.0,58.0,31.0
prod_00209,cool_stuff,33.0,324.0,1.0,1024.0,71.0,77.0,78.0
prod_00210,informatica_acessorios,36.0,1598.0,7.0,5080.0,25.0,15.0,76.0
prod_00211,brinquedos,20.0,445.0,7.0,22223.0,94.0,53.0,79.0
prod_00212,moveis_decoracao,70.0,1660.0,3.0,21988.0,35.0,16.0,12.0
prod_00213,moveis_decoracao,51.0,3059.0,1.0,11761.0,83.0,5.0,18.0
prod_00214,livros_interesse_geral,59.0,2596.0,3.0,28494.0,38.0,35.0,18.0
prod_00215,beleza_saude,59.0,3036.0,1.0,26659.0,15.0,46.0,48.0
prod_00216,relogios_presentes,78.0,2977.0,5.0,22308.0,99.0,22.0,37.0
prod_00217,telefonia,28.0,3969.0,3.0,22459.0,62.0,77.0,60.0
prod_00218,informatica_acessorios,40.0,3530.0,1.0,23552.0,29.0,50.0,26.0
prod_00219,perfumaria,38.0,2386.0,7.0,4495.0,10.0,36.0,19.0
prod_00220,telefonia,53.0,3515.0,6.0,21036.0,21.0,39.0,53.0
prod_00221,ferramentas_jardim,51.0,286.0,7.0,28200.0,25.0,38.0,51.0
prod_00222,relogios_presentes,67.0,2913.0,7.0,6780.0,93.0,10.0,56.0
prod_00223,eletronicos,53.0,2135.0,1.0,488.0,25.0,49.0,28.0
prod_00224,ferramentas_jardim,34.0,3831.0,6.0,10858.0,24.0,63.0,44.0
prod_00225,utilidades_domesticas,53.0,2064.0,6.0,8124.0,85.0,34.0,74.0
prod_00226,livros_interesse_geral,77.0,796.0,6.0,28480.0,89.0,35.0,50.0
prod_00227,bebes,54.0,2924.0,2.0,13404.0,28.0,73.0,74.0
prod_00228,brinquedos,55.0,3806.0,3.0,,68.0,49.0,37.0
prod_00229,cama_mesa_banho,30.0,163.0,7.0,29459.0,58.0,25.0,8.0
prod_00230,brinquedos,20.0,350.0,1.0,23681.0,61.0,2.0,62.0
prod_00231,ferramentas_jardim,32.0,2679.0,5.0,22484.0,38.0,66.0,39.0
prod_00232,utilidades_domesticas,21.0,2266.0,6.0,29062.0,77.0,50.0,8.0
prod_00233,esporte_lazer,47.0,2239.0,6.0,20681.0,89.0,50.0,15.0
prod_00234,brinquedos,72.0,451.0,5.0,6981.0,75.0,24.0,28.0
prod_00235,perfumaria,46.0,2331.0,6.0,21817.0,91.0,16.0,19.0
prod_00236,utilidades_domesticas,58.0,2315.0,7.0,9684.0,19.0,40.0,56.0
prod_00237,telefonia,71.0,3412.0,6.0,9961.0,69.0,61.0,50.0
prod_00238,cama_mesa_banho,65.0,1621.0,1.0,19361.0,99.0,25.0,29.0
prod_00239,ferramentas_jardim,59.0,1456.0,2.0,9498.0,58.0,43.0,11.0
prod_00240,bebes,67.0,418.0,3.0,779.0,94.0,,10.0
prod_00241,perfumaria,36.0,2310.0,3.0,29986.0,41.0,19.0,75.0
prod_00242,relogios_presentes,45.0,2627.0,3.0,17158.0,90.0,20.0,30.0
prod_00243,cama_mesa_banho,43.0,1194.0,2.0,20116.0,94.0,20.0,13.0
prod_00244,telefonia,67.0,2951.0,5.0,24270.0,66.0,73.0,
prod_00245,livros_interesse_geral,44.0,3758.0,1.0,19053.0,73.0,,70.0
prod_00246,beleza_saude,76.0,779.0,6.0,18332.0,57.0,73.0,
prod_00247,informatica_acessorios,31.0,2333.0,5.0,23765.0,38.0,75.0,75.0
prod_00248,bebes,30.0,2808.0,7.0,8897.0,58.0,34.0,59.0
prod_00249,brinquedos,62.0,172.0,1.0,24861.0,96.0,6.0,23.0
prod_00250,esporte_lazer,65.0,798.0,3.0,21736.0,11.0,25.0,63.0
prod_00251,,60.0,1642.0,7.0,5504.0,28.0,44.0,36.0
prod_00252,relogios_presentes,38.0,635.0,4.0,4423.0,54.0,31.0,52.0
prod_00253,,20.0,1486.0,4.0,26396.0,40.0,2.0,14.0
prod_00254,bebes,39.0,674.0,1.0,,66.0,79.0,23.0
prod_00255,eletronicos,47.0,3596.0,6.0,29807.0,42.0,25.0,63.0
prod_00256,telefonia,44.0,2436.0,2.0,3072.0,69.0,50.0,65.0
prod_00257,relogios_presentes,75.0,1383.0,7.0,26873.0,19.0,75.0,5.0
prod_00258,eletronicos,71.0,3137.0,3.0,25911.0,39.0,44.0,21.0
prod_00259,perfumaria,66.0,171.0,2.0,23039.0,72.0,56.0,50.0
prod_00260,informatica_acessorios,21.0,2427.0,5.0,14959.0,52.0,4.0,72.0
prod_00261,cool_stuff,27.0,2765.0,4.0,15279.0,74.0,56.0,55.0
prod_00262,ferramentas_jardim,46.0,3256.0,4.0,12887.0,67.0,68.0,57.0
prod_00263,informatica_acessorios,57.0,966.0,7.0,926.0,39.0,73.0,34.0
prod_00264,livros_interesse_geral,60.0,2406.0,3.0,15044.0,48.0,8.0,9.0
prod_00265,moveis_decoracao,37.0,3093.0,3.0,7152.0,96.0,19.0,62.0
prod_00266,automotivo,26.0,3209.0,5.0,6046.0,96.0,5.0,64.0
prod_00267,telefonia,39.0,785.0,2.0,1724.0,,73.0,38.0
prod_00268,ferramentas_jardim,67.0,3908.0,6.0,13757.0,73.0,23.0,42.0
prod_00269,eletronicos,79.0,1168.0,2.0,1483.0,54.0,43.0,22.0
prod_00270,relogios_presentes,76.0,1624.0,2.0,25499.0,10.0,39.0,38.0
prod_00271,relogios_presentes,55.0,849.0,1.0,26690.0,67.0,55.0,23.0
prod_00272,perfumaria,25.0,684.0,3.0,24038.0,12.0,71.0,36.0
prod_00273,livros_interesse_geral,78.0,1096.0,5.0,9064.0,38.0,27.0,15.0
prod_00274,eletronicos,29.0,628.0,5.0,4933.0,72.0,63.0,50.0
prod_00275,perfumaria,36.0,2957.0,7.0,15164.0,83.0,24.0,23.0
prod_00276,ferramentas_jardim,78.0,2430.0,6.0,,47.0,17.0,59.0
prod_00277,perfumaria,50.0,1621.0,3.0,666.0,82.0,,43.0
prod_00278,eletronicos,31.0,2233.0,6.0,25712.0,85.0,31.0,72.0
prod_00279,cama_mesa_banho,50.0,2456.0,2.0,13185.0,50.0,45.0,21.0
prod_00280,brinquedos,24.0,818.0,2.0,24602.0,25.0,,25.0
prod_00281,cama_mesa_banho,38.0,1258.0,3.0,2385.0,69.0,68.0,23.0
prod_00282,brinquedos,77.0,3540.0,4.0,12797.0,11.0,43.0,52.0
prod_00283,,37.0,147.0,2.0,13776.0,90.0,33.0,13.0
prod_00284,moveis_decoracao,73.0,3831.0,7.0,1490.0,44.0,15.0,56.0
prod_00285,eletronicos,52.0,3860.0,2.0,21237.0,78.0,73.0,66.0
prod_00286,ferramentas_jardim,59.0,1087.0,3.0,27938.0,76.0,32.0,
prod_00287,brinquedos,62.0,1350.0,5.0,16240.0,52.0,61.0,
prod_00288,eletronicos,53.0,906.0,4.0,11906.0,97.0,50.0,41.0
prod_00289,beleza_saude,22.0,2286.0,3.0,19099.0,81.0,74.0,45.0
prod_00290,cool_stuff,75.0,934.0,7.0,10861.0,89.0,77.0,34.0
prod_00291,esporte_lazer,48.0,3183.0,4.0,10824.0,18.0,57.0,39.0
prod_00292,informatica_acessorios,59.0,1610.0,1.0,22797.0,53.0,53.0,62.0
prod_00293,esporte_lazer,53.0,3872.0,6.0,17747.0,95.0,12.0,67.0
prod_00294,automotivo,59.0,3427.0,5.0,7955.0,83.0,3.0,27.0
prod_00295,cool_stuff,41.0,1665.0,2.0,12252.0,50.0,44.0,29.0
prod_00296,perfumaria,70.0,2424.0,6.0,25050.0,16.0,56.0,
prod_00297,telefonia,33.0,195.0,3.0,15885.0,35.0,60.0,
prod_00298,livros_interesse_geral,59.0,363.0,2.0,2327.0,61.0,21.0,
prod_00299,utilidades_domesticas,54.0,2073.0,2.0,25717.0,67.0,41.0,58.0
prod_00300,esporte_lazer,50.0,1944.0,6.0,22234.0,93.0,69.0,25.0
prod_00301,cama_mesa_banho,21.0,1653.0,2.0,8043.0,18.0,9.0,21.0
prod_00302,esporte_lazer,43.0,452.0,4.0,28975.0,45.0,31.0,7.0
prod_00303,telefonia,22.0,3375.0,6.0,28557.0,34.0,75.0,12.0
prod_00304,relogios_presentes,50.0,1684.0,6.0,29873.0,96.0,17.0,8.0
prod_00305,bebes,61.0,1933.0,4.0,11365.0,24.0,26.0,20.0
prod_00306,esporte_lazer,51.0,1673.0,7.0,27717.0,29.0,38.0,57.0
prod_00307,moveis_decoracao,65.0,2039.0,3.0,24201.0,36.0,55.0,63.0
prod_00308,livros_interesse_geral,41.0,2628.0,7.0,26129.0,19.0,21.0,77.0
prod_00309,cama_mesa_banho,38.0,3079.0,2.0,16435.0,67.0,63.0,45.0
prod_00310,relogios_presentes,46.0,2242.0,1.0,8402.0,57.0,20.0,39.0
prod_00311,informatica_acessorios,33.0,747.0,6.0,6842.0,60.0,30.0,72.0
prod_00312,automotivo,68.0,3511.0,6.0,29001.0,91.0,46.0,16.0
prod_00313,livros_interesse_geral,68.0,1210.0,7.0,15098.0,48.0,2.0,52.0
prod_00314,informatica_acessorios,44.0,163.0,7.0,27840.0,38.0,61.0,66.0
prod_00315,utilidades_domesticas,67.0,252.0,1.0,16663.0,43.0,54.0,42.0
prod_00316,telefonia,21.0,3118.0,5.0,16054.0,82.0,67.0,24.0
prod_00317,perfumaria,29.0,1609.0,5.0,2243.0,57.0,23.0,51.0
prod_00318,livros_interesse_geral,36.0,188.0,5.0,12092.0,25.0,33.0,79.0
prod_00319,beleza_saude,43.0,3264.0,1.0,16706.0,72.0,72.0,22.0
prod_00320,telefonia,33.0,1286.0,1.0,3322.0,77.0,,47.0
prod_00321,perfumaria,50.0,3914.0,5.0,4902.0,32.0,40.0,8.0
prod_00322,cama_mesa_banho,67.0,3530.0,6.0,17739.0,60.0,39.0,22.0
prod_00323,perfumaria,47.0,287.0,2.0,7481.0,60.0,36.0,62.0
prod_00324,informatica_acessorios,46.0,2792.0,1.0,21031.0,25.0,35.0,42.0
prod_00325,automotivo,23.0,2452.0,3.0,13839.0,10.0,60.0,19.0
prod_00326,livros_interesse_geral,36.0,770.0,3.0,12149.0,74.0,17.0,30.0
prod_00327,cool_stuff,68.0,1437.0,7.0,3565.0,65.0,71.0,14.0
prod_00328,,68.0,2014.0,7.0,12210.0,74.0,71.0,63.0
prod_00329,brinquedos,26.0,669.0,4.0,16289.0,43.0,15.0,75.0
prod_00330,informatica_acessorios,21.0,2915.0,7.0,17220.0,56.0,77.0,12.0
prod_00331,ferramentas_jardim,69.0,1181.0,2.0,,,22.0,22.0
prod_00332,brinquedos,30.0,3755.0,7.0,882.0,30.0,6.0,69.0
prod_00333,moveis_decoracao,54.0,3226.0,4.0,28047.0,68.0,33.0,70.0
prod_00334,beleza_saude,69.0,2573.0,4.0,28738.0,21.0,64.0,62.0
prod_00335,cool_stuff,67.0,567.0,1.0,27128.0,15.0,67.0,58.0
prod_00336,brinquedos,53.0,196.0,2.0,8732.0,96.0,52.0,69.0
prod_00337,perfumaria,42.0,669.0,2.0,18097.0,21.0,65.0,33.0
prod_00338,esporte_lazer,66.0,2048.0,4.0,4269.0,69.0,22.0,72.0
prod_00339,automotivo,61.0,3146.0,2.0,27171.0,56.0,70.0,71.0
prod_00340,bebes,70.0,696.0,1.0,214.0,82.0,51.0,22.0
prod_00341,eletronicos,50.0,2858.0,5.0,14146.0,59.0,12.0,10.0
prod_00342,livros_interesse_geral,76.0,286.0,7.0,25713.0,72.0,12.0,44.0
prod_00343,informatica_acessorios,66.0,1135.0,1.0,21780.0,90.0,22.0,61.0
prod_00344,esporte_lazer,23.0,2434.0,4.0,25903.0,84.0,7.0,68.0
prod_00345,brinquedos,37.0,3330.0,7.0,14916.0,74.0,24.0,15.0
prod_00346,,67.0,3129.0,3.0,2904.0,24.0,79.0,33.0
prod_00347,informatica_acessorios,26.0,2177.0,2.0,284.0,25.0,20.0,62.0
prod_00348,beleza_saude,62.0,240.0,1.0,4609.0,54.0,51.0,9.0
prod_00349,esporte_lazer,40.0,1244.0,7.0,1773.0,69.0,78.0,59.0
prod_00350,utilidades_domesticas,32.0,3155.0,3.0,13464.0,70.0,21.0,26.0
prod_00351,ferramentas_jardim,52.0,416.0,1.0,1563.0,80.0,56.0,6.0
prod_00352,beleza_saude,75.0,2854.0,7.0,5611.0,19.0,37.0,23.0
prod_00353,beleza_saude,73.0,2845.0,6.0,12611.0,25.0,24.0,60.0
prod_00354,moveis_decoracao,44.0,3032.0,5.0,22087.0,23.0,76.0,70.0
prod_00355,bebes,20.0,947.0,1.0,20243.0,58.0,53.0,11.0
prod_00356,livros_interesse_geral,73.0,1054.0,1.0,1788.0,67.0,36.0,39.0
prod_00357,telefonia,73.0,874.0,2.0,27103.0,20.0,65.0,20.0
prod_00358,cama_mesa_banho,56.0,1635.0,2.0,16513.0,88.0,72.0,56.0
prod_00359,cama_mesa_banho,57.0,2143.0,4.0,10498.0,37.0,62.0,63.0
prod_00360,bebes,51.0,567.0,3.0,11514.0,69.0,69.0,77.0
prod_00361,telefonia,20.0,2312.0,6.0,25460.0,77.0,27.0,31.0
prod_00362,beleza_saude,29.0,1031.0,1.0,13975.0,13.0,28.0,27.0
prod_00363,bebes,28.0,2292.0,6.0,7412.0,87.0,20.0,28.0
prod_00364,automotivo,74.0,1280.0,7.0,12771.0,97.0,56.0,62.0
prod_00365,utilidades_domesticas,22.0,3823.0,1.0,2099.0,96.0,64.0,38.0
prod_00366,telefonia,53.0,1345.0,5.0,4637.0,22.0,53.0,6.0
prod_00367,informatica_acessorios,41.0,3498.0,4.0,9471.0,45.0,48.0,76.0
prod_00368,eletronicos,20.0,782.0,1.0,6647.0,30.0,62.0,12.0
prod_00369,perfumaria,75.0,431.0,3.0,10511.0,50.0,16.0,
prod_00370,informatica_acessorios,21.0,835.0,6.0,1990.0,97.0,30.0,17.0
prod_00371,ferramentas_jardim,71.0,1735.0,7.0,18321.0,78.0,57.0,45.0
prod_00372,esporte_lazer,66.0,3615.0,3.0,3502.0,79.0,6.0,28.0
prod_00373,telefonia,67.0,787.0,1.0,6548.0,47.0,73.0,56.0
prod_00374,ferramentas_jardim,29.0,3157.0,2.0,29337.0,94.0,15.0,35.0
prod_00375,cama_mesa_banho,72.0,2817.0,6.0,226.0,92.0,63.0,32.0
prod_00376,ferramentas_jardim,55.0,1443.0,4.0,8429.0,82.0,50.0,40.0
prod_00377,informatica_acessorios,44.0,1412.0,4.0,15030.0,83.0,68.0,77.0
prod_00378,ferramentas_jardim,60.0,3795.0,1.0,9245.0,68.0,62.0,23.0
prod_00379,telefonia,40.0,2887.0,6.0,9649.0,18.0,42.0,21.0
prod_00380,cama_mesa_banho,36.0,1031.0,4.0,3856.0,35.0,60.0,9.0
prod_00381,perfumaria,37.0,3656.0,4.0,12730.0,79.0,29.0,60.0
prod_00382,moveis_decoracao,54.0,1686.0,6.0,22667.0,39.0,47.0,55.0
prod_00383,livros_interesse_geral,56.0,410.0,4.0,17657.0,25.0,73.0,50.0
prod_00384,bebes,34.0,3272.0,7.0,27728.0,95.0,8.0,6.0
prod_00385,informatica_acessorios,34.0,3488.0,4.0,21006.0,53.0,29.0,64.0
prod_00386,brinquedos,76.0,1827.0,3.0,23703.0,87.0,3.0,65.0
prod_00387,,50.0,2845.0,7.0,12978.0,35.0,43.0,75.0
prod_00388,brinquedos,71.0,1015.0,5.0,18397.0,42.0,63.0,74.0
prod_00389,automotivo,39.0,3416.0,6.0,17365.0,40.0,5.0,24.0
prod_00390,moveis_decoracao,37.0,1537.0,2.0,24406.0,43.0,44.0,58.0
prod_00391,,36.0,1142.0,5.0,15057.0,49.0,,35.0
prod_00392,moveis_decoracao,51.0,2052.0,4.0,12156.0,36.0,63.0,49.0
prod_00393,eletronicos,66.0,1142.0,1.0,2148.0,83.0,19.0,29.0
prod_00394,livros_interesse_geral,50.0,2520.0,2.0,25791.0,39.0,14.0,54.0
prod_00395,esporte_lazer,37.0,3015.0,7.0,13094.0,49.0,9.0,76.0
prod_00396,ferramentas_jardim,77.0,1681.0,4.0,23965.0,87.0,33.0,53.0
prod_00397,eletronicos,54.0,3155.0,6.0,20359.0,49.0,40.0,74.0
prod_00398,esporte_lazer,43.0,1782.0,2.0,101.0,10.0,73.0,74.0
prod_00399,ferramentas_jardim,20.0,3883.0,2.0,19557.0,10.0,38.0,13.0
prod_00400,livros_interesse_geral,53.0,1129.0,7.0,14659.0,49.0,15.0,77.0
prod_00401,informatica_acessorios,57.0,2848.0,3.0,7231.0,68.0,56.0,66.0
prod_00402,brinquedos,75.0,2187.0,7.0,7975.0,94.0,6.0,37.0
prod_00403,perfumaria,33.0,3779.0,6.0,19156.0,21.0,28.0,50.0
prod_00404,utilidades_domesticas,29.0,955.0,3.0,2632.0,58.0,52.0,51.0
prod_00405,informatica_acessorios,79.0,867.0,7.0,18209.0,36.0,21.0,63.0
prod_00406,relogios_presentes,53.0,3483.0,6.0,,50.0,48.0,65.0
prod_00407,utilidades_domesticas,21.0,3614.0,1.0,2651.0,49.0,37.0,12.0
prod_00408,ferramentas_jardim,26.0,3014.0,1.0,,38.0,76.0,5.0
prod_00409,utilidades_domesticas,48.0,1952.0,1.0,1865.0,11.0,24.0,23.0
prod_00410,relogios_presentes,57.0,1700.0,6.0,21918.0,16.0,72.0,44.0
prod_00411,livros_interesse_geral,34.0,2699.0,2.0,25441.0,57.0,50.0,68.0
prod_00412,brinquedos,41.0,3014.0,2.0,29646.0,30.0,60.0,53.0
prod_00413,eletronicos,64.0,1176.0,4.0,913.0,39.0,15.0,15.0
prod_00414,ferramentas_jardim,78.0,127.0,1.0,14486.0,18.0,3.0,58.0
prod_00415,eletronicos,49.0,386.0,3.0,1492.0,14.0,58.0,40.0
prod_00416,informatica_acessorios,44.0,1443.0,5.0,11168.0,21.0,39.0,
prod_00417,livros_interesse_geral,41.0,2758.0,7.0,9273.0,43.0,26.0,62.0
prod_00418,livros_interesse_geral,28.0,1817.0,4.0,18194.0,24.0,,
prod_00419,cama_mesa_banho,23.0,2511.0,6.0,27274.0,30.0,27.0,51.0
prod_00420,utilidades_domesticas,70.0,1932.0,4.0,24150.0,37.0,35.0,18.0
prod_00421,relogios_presentes,22.0,1081.0,4.0,1955.0,36.0,58.0,33.0
prod_00422,relogios_presentes,69.0,3020.0,4.0,7245.0,10.0,77.0,46.0
prod_00423,perfumaria,34.0,2921.0,7.0,8283.0,20.0,72.0,51.0
prod_00424,ferramentas_jardim,61.0,3854.0,1.0,7558.0,95.0,52.0,73.0
prod_00425,informatica_acessorios,77.0,3320.0,4.0,10629.0,70.0,10.0,26.0
prod_00426,brinquedos,64.0,1581.0,1.0,18234.0,21.0,10.0,72.0
prod_00427,livros_interesse_geral,63.0,2848.0,7.0,22200.0,35.0,56.0,66.0
prod_00428,telefonia,35.0,1467.0,5.0,28199.0,44.0,41.0,31.0
prod_00429,eletronicos,55.0,3504.0,1.0,21102.0,91.0,12.0,15.0
prod_00430,cool_stuff,58.0,2481.0,5.0,8988.0,89.0,56.0,24.0
prod_00431,eletronicos,45.0,3355.0,4.0,5563.0,79.0,75.0,54.0
prod_00432,eletronicos,22.0,1196.0,1.0,11333.0,19.0,7.0,64.0
prod_00433,cama_mesa_banho,74.0,158.0,7.0,23999.0,,66.0,50.0
prod_00434,,31.0,651.0,3.0,29800.0,53.0,28.0,59.0
prod_00435,informatica_acessorios,78.0,2172.0,1.0,11799.0,67.0,33.0,12.0
prod_00436,bebes,75.0,3850.0,5.0,5327.0,86.0,57.0,42.0
prod_00437,perfumaria,21.0,2545.0,3.0,198.0,38.0,21.0,70.0
prod_00438,moveis_decoracao,64.0,3257.0,5.0,2355.0,60.0,14.0,34.0
prod_00439,beleza_saude,58.0,1930.0,2.0,19124.0,33.0,77.0,72.0
prod_00440,relogios_presentes,33.0,3838.0,6.0,17713.0,28.0,29.0,14.0
prod_00441,moveis_decoracao,68.0,3769.0,3.0,19317.0,38.0,15.0,78.0
prod_00442,automotivo,26.0,949.0,3.0,776.0,76.0,55.0,63.0
prod_00443,beleza_saude,34.0,3462.0,6.0,13137.0,49.0,18.0,51.0
prod_00444,cama_mesa_banho,76.0,169.0,4.0,5453.0,71.0,,51.0
prod_00445,relogios_presentes,64.0,2411.0,1.0,10128.0,72.0,7.0,75.0
prod_00446,perfumaria,26.0,1805.0,5.0,18685.0,42.0,42.0,33.0
prod_00447,utilidades_domesticas,28.0,1275.0,5.0,8307.0,95.0,33.0,17.0
prod_00448,utilidades_domesticas,35.0,3741.0,3.0,19802.0,14.0,76.0,73.0
prod_00449,esporte_lazer,24.0,2683.0,2.0,8710.0,90.0,42.0,12.0
prod_00450,moveis_decoracao,30.0,639.0,1.0,15337.0,10.0,74.0,54.0
prod_00451,moveis_decoracao,54.0,643.0,6.0,13799.0,44.0,21.0,24.0
prod_00452,moveis_decoracao,20.0,557.0,1.0,11543.0,84.0,38.0,74.0
prod_00453,utilidades_domesticas,37.0,1285.0,5.0,3824.0,71.0,65.0,78.0
prod_00454,moveis_decoracao,38.0,368.0,6.0,17307.0,38.0,14.0,40.0
prod_00455,cool_stuff,78.0,1130.0,3.0,29703.0,89.0,74.0,44.0
prod_00456,utilidades_domesticas,78.0,3083.0,2.0,19319.0,22.0,62.0,39.0
prod_00457,perfumaria,70.0,3507.0,6.0,22386.0,70.0,54.0,36.0
prod_00458,brinquedos,40.0,3165.0,5.0,24114.0,56.0,20.0,75.0
prod_00459,cool_stuff,51.0,2034.0,1.0,1194.0,28.0,,26.0
prod_00460,brinquedos,50.0,2811.0,5.0,23792.0,,67.0,76.0
prod_00461,eletronicos,71.0,3781.0,1.0,7311.0,78.0,24.0,53.0
prod_00462,moveis_decoracao,64.0,307.0,3.0,19960.0,10.0,47.0,77.0
prod_00463,livros_interesse_geral,74.0,3627.0,3.0,29516.0,17.0,6.0,50.0
prod_00464,informatica_acessorios,53.0,2920.0,6.0,26832.0,15.0,32.0,66.0
prod_00465,esporte_lazer,75.0,1606.0,7.0,12462.0,47.0,13.0,41.0
prod_00466,bebes,64.0,1849.0,5.0,25148.0,47.0,45.0,39.0
prod_00467,eletronicos,64.0,1810.0,6.0,18577.0,75.0,44.0,24.0
prod_00468,beleza_saude,59.0,715.0,1.0,4040.0,70.0,,20.0
prod_00469,brinquedos,40.0,998.0,1.0,7235.0,11.0,54.0,7.0
prod_00470,automotivo,56.0,1250.0,6.0,28702.0,52.0,74.0,33.0
prod_00471,informatica_acessorios,41.0,122.0,3.0,27460.0,80.0,17.0,79.0
prod_00472,automotivo,58.0,2054.0,4.0,26757.0,90.0,18.0,75.0
prod_00473,cool_stuff,35.0,1958.0,5.0,11557.0,36.0,18.0,56.0
prod_00474,brinquedos,67.0,1385.0,3.0,9661.0,13.0,74.0,32.0
prod_00475,automotivo,54.0,788.0,5.0,24189.0,23.0,9.0,44.0
prod_00476,eletronicos,62.0,3882.0,6.0,654.0,40.0,4.0,61.0
prod_00477,informatica_acessorios,33.0,2746.0,2.0,26929.0,49.0,14.0,5.0
prod_00478,brinquedos,67.0,1951.0,5.0,18139.0,41.0,61.0,74.0
prod_00479,utilidades_domesticas,68.0,2918.0,2.0,18999.0,18.0,47.0,70.0
prod_00480,livros_interesse_geral,28.0,1551.0,3.0,13180.0,40.0,73.0,
prod_00481,moveis_decoracao,41.0,940.0,6.0,29380.0,36.0,17.0,12.0
prod_00482,bebes,60.0,2725.0,7.0,22499.0,53.0,32.0,76.0
prod_00483,cool_stuff,72.0,3105.0,1.0,1662.0,17.0,45.0,51.0
prod_00484,informatica_acessorios,64.0,2637.0,5.0,15761.0,81.0,7.0,46.0
prod_00485,perfumaria,48.0,2308.0,4.0,25795.0,47.0,73.0,18.0
prod_00486,informatica_acessorios,37.0,109.0,5.0,2340.0,38.0,,41.0
prod_00487,moveis_decoracao,74.0,2587.0,6.0,22119.0,91.0,13.0,32.0
prod_00488,utilidades_domesticas,72.0,2512.0,1.0,7378.0,77.0,67.0,79.0
prod_00489,cool_stuff,73.0,1708.0,6.0,15220.0,22.0,37.0,30.0
prod_00490,relogios_presentes,38.0,1050.0,2.0,26481.0,23.0,28.0,21.0
prod_00491,brinquedos,46.0,3918.0,2.0,14795.0,10.0,75.0,75.0
prod_00492,automotivo,34.0,1563.0,4.0,1178.0,60.0,42.0,19.0
prod_00493,informatica_acessorios,77.0,1160.0,1.0,672.0,41.0,19.0,72.0
prod_00494,informatica_acessorios,72.0,2854.0,5.0,22113.0,43.0,65.0,77.0
prod_00495,moveis_decoracao,30.0,1979.0,4.0,27930.0,55.0,57.0,28.0
prod_00496,informatica_acessorios,34.0,2273.0,4.0,8793.0,58.0,16.0,56.0
prod_00497,eletronicos,53.0,2628.0,1.0,28065.0,10.0,54.0,64.0
prod_00498,relogios_presentes,44.0,1537.0,6.0,13606.0,19.0,51.0,45.0
prod_00499,relogios_presentes,47.0,693.0,1.0,1808.0,81.0,23.0,57.0
prod_00500,,42.0,752.0,2.0,15953.0,95.0,35.0,14.0
prod_00501,perfumaria,60.0,3764.0,3.0,29212.0,85.0,67.0,43.0
prod_00502,ferramentas_jardim,73.0,2071.0,5.0,7539.0,91.0,15.0,43.0
prod_00503,automotivo,75.0,1726.0,3.0,28820.0,51.0,58.0,47.0
prod_00504,livros_interesse_geral,47.0,1345.0,6.0,19576.0,84.0,66.0,75.0
prod_00505,eletronicos,69.0,2914.0,7.0,11912.0,89.0,75.0,66.0
prod_00506,informatica_acessorios,61.0,3660.0,6.0,20818.0,90.0,27.0,50.0
prod_00507,esporte_lazer,31.0,3098.0,1.0,12052.0,23.0,22.0,35.0
prod_00508,relogios_presentes,67.0,2183.0,6.0,2597.0,23.0,74.0,35.0
prod_00509,bebes,41.0,1954.0,2.0,26129.0,46.0,38.0,6.0
prod_00510,livros_interesse_geral,57.0,3477.0,7.0,11249.0,55.0,46.0,46.0
prod_00511,ferramentas_jardim,63.0,3439.0,7.0,16994.0,96.0,42.0,23.0
prod_00512,ferramentas_jardim,76.0,1621.0,1.0,22344.0,38.0,42.0,71.0
prod_00513,informatica_acessorios,76.0,3860.0,1.0,2532.0,84.0,50.0,63.0
prod_00514,brinquedos,68.0,3327.0,5.0,21663.0,89.0,,73.0
prod_00515,esporte_lazer,50.0,3400.0,2.0,10989.0,96.0,32.0,79.0
prod_00516,automotivo,44.0,320.0,7.0,16360.0,27.0,33.0,35.0
prod_00517,informatica_acessorios,46.0,607.0,4.0,13740.0,31.0,53.0,37.0
prod_00518,beleza_saude,77.0,1262.0,5.0,23341.0,29.0,65.0,50.0
prod_00519,livros_interesse_geral,32.0,3068.0,7.0,,76.0,45.0,37.0
prod_00520,eletronicos,51.0,404.0,2.0,3273.0,71.0,54.0,25.0
prod_00521,cool_stuff,60.0,423.0,4.0,12358.0,46.0,34.0,58.0
prod_00522,cool_stuff,21.0,223.0,7.0,3590.0,18.0,,38.0
prod_00523,informatica_acessorios,58.0,848.0,1.0,7319.0,56.0,32.0,75.0
prod_00524,brinquedos,35.0,3683.0,2.0,19741.0,75.0,34.0,21.0
prod_00525,,36.0,2912.0,2.0,24571.0,52.0,6.0,38.0
prod_00526,automotivo,57.0,2895.0,3.0,20815.0,,22.0,44.0
prod_00527,moveis_decoracao,20.0,1240.0,1.0,9565.0,63.0,59.0,73.0
prod_00528,relogios_presentes,29.0,2537.0,2.0,24445.0,69.0,8.0,48.0
prod_00529,bebes,47.0,3138.0,6.0,12212.0,63.0,19.0,10.0
prod_00530,moveis_decoracao,55.0,2176.0,4.0,5472.0,88.0,62.0,30.0
prod_00531,livros_interesse_geral,26.0,3438.0,3.0,22699.0,38.0,70.0,71.0
prod_00532,perfumaria,41.0,2321.0,3.0,15527.0,64.0,34.0,25.0
prod_00533,eletronicos,38.0,1365.0,7.0,11149.0,86.0,33.0,30.0
prod_00534,automotivo,52.0,2590.0,4.0,19841.0,29.0,41.0,16.0
prod_00535,,38.0,3778.0,4.0,21756.0,35.0,62.0,58.0
prod_00536,cama_mesa_banho,20.0,3323.0,7.0,6749.0,14.0,38.0,15.0
prod_00537,automotivo,51.0,2044.0,1.0,3562.0,43.0,15.0,32.0
prod_00538,relogios_presentes,70.0,2427.0,4.0,15531.0,14.0,35.0,58.0
prod_00539,beleza_saude,55.0,3906.0,6.0,,77.0,21.0,72.0
prod_00540,eletronicos,41.0,3019.0,4.0,19171.0,17.0,55.0,21.0
prod_00541,livros_interesse_geral,48.0,2059.0,7.0,13222.0,72.0,13.0,29.0
prod_00542,utilidades_domesticas,28.0,1195.0,7.0,6472.0,62.0,49.0,13.0
prod_00543,cool_stuff,34.0,3632.0,3.0,17977.0,98.0,12.0,37.0
prod_00544,relogios_presentes,46.0,3909.0,6.0,11298.0,41.0,77.0,79.0
prod_00545,telefonia,55.0,375.0,2.0,11683.0,41.0,51.0,27.0
prod_00546,brinquedos,49.0,224.0,2.0,6529.0,31.0,12.0,24.0
prod_00547,relogios_presentes,77.0,548.0,7.0,20298.0,58.0,76.0,34.0
prod_00548,perfumaria,58.0,1607.0,1.0,27093.0,29.0,46.0,72.0
prod_00549,informatica_acessorios,21.0,723.0,3.0,18579.0,20.0,49.0,46.0
prod_00550,cool_stuff,51.0,3539.0,5.0,7142.0,95.0,6.0,50.0
prod_00551,livros_interesse_geral,54.0,3665.0,3.0,,71.0,16.0,63.0
prod_00552,bebes,22.0,804.0,6.0,3668.0,20.0,65.0,58.0
prod_00553,cama_mesa_banho,43.0,3333.0,2.0,8728.0,65.0,38.0,49.0
prod_00554,beleza_saude,72.0,651.0,4.0,1102.0,37.0,50.0,47.0
prod_00555,cool_stuff,41.0,3170.0,1.0,25459.0,26.0,78.0,44.0
prod_00556,eletronicos,47.0,1525.0,2.0,1396.0,52.0,35.0,18.0
prod_00557,bebes,33.0,257.0,2.0,16410.0,80.0,31.0,36.0
prod_00558,eletronicos,24.0,1769.0,6.0,5788.0,10.0,64.0,68.0
prod_00559,esporte_lazer,39.0,3308.0,2.0,6405.0,41.0,7.0,7.0
prod_00560,automotivo,66.0,3740.0,5.0,18265.0,92.0,37.0,67.0
prod_00561,ferramentas_jardim,78.0,572.0,3.0,24123.0,45.0,68.0,47.0
prod_00562,brinquedos,59.0,3360.0,4.0,,18.0,19.0,31.0
prod_00563,perfumaria,69.0,1243.0,7.0,4801.0,,25.0,13.0
prod_00564,informatica_acessorios,58.0,1909.0,7.0,8637.0,71.0,38.0,62.0
prod_00565,telefonia,59.0,524.0,1.0,28309.0,99.0,7.0,5.0
prod_00566,telefonia,45.0,3894.0,6.0,1792.0,66.0,7.0,45.0
prod_00567,livros_interesse_geral,23.0,3181.0,7.0,5396.0,14.0,21.0,17.0
prod_00568,informatica_acessorios,44.0,2604.0,5.0,12139.0,82.0,72.0,73.0
prod_00569,utilidades_domesticas,71.0,2935.0,2.0,,80.0,19.0,
prod_00570,cama_mesa_banho,52.0,3507.0,5.0,1504.0,68.0,59.0,65.0
prod_00571,esporte_lazer,65.0,659.0,5.0,16228.0,90.0,35.0,48.0
prod_00572,livros_interesse_geral,23.0,1059.0,5.0,,79.0,61.0,8.0
prod_00573,bebes,32.0,245.0,4.0,5350.0,30.0,27.0,59.0
prod_00574,moveis_decoracao,37.0,2006.0,4.0,20668.0,,70.0,70.0
prod_00575,ferramentas_jardim,41.0,2027.0,5.0,1749.0,55.0,30.0,21.0
prod_00576,brinquedos,79.0,215.0,4.0,21953.0,53.0,63.0,77.0
prod_00577,eletronicos,47.0,2680.0,6.0,7811.0,67.0,66.0,64.0
prod_00578,moveis_decoracao,59.0,134.0,5.0,6769.0,73.0,35.0,60.0
prod_00579,livros_interesse_geral,58.0,3192.0,3.0,5931.0,19.0,54.0,30.0
prod_00580,utilidades_domesticas,45.0,2851.0,5.0,26061.0,61.0,11.0,13.0
prod_00581,ferramentas_jardim,77.0,3278.0,6.0,15088.0,13.0,40.0,37.0
prod_00582,relogios_presentes,33.0,561.0,4.0,20724.0,56.0,31.0,65.0
prod_00583,cool_stuff,22.0,3494.0,6.0,6158.0,47.0,76.0,48.0
prod_00584,utilidades_domesticas,64.0,2236.0,1.0,1746.0,28.0,74.0,53.0
prod_00585,bebes,59.0,3467.0,3.0,1193.0,99.0,63.0,63.0
prod_00586,cool_stuff,35.0,2814.0,5.0,13250.0,33.0,76.0,30.0
prod_00587,moveis_decoracao,72.0,2659.0,7.0,9827.0,15.0,78.0,7.0
prod_00588,livros_interesse_geral,29.0,225.0,5.0,23044.0,42.0,61.0,71.0
prod_00589,ferramentas_jardim,35.0,2798.0,5.0,23662.0,78.0,48.0,51.0
prod_00590,relogios_presentes,29.0,1850.0,3.0,9361.0,10.0,17.0,47.0
prod_00591,esporte_lazer,31.0,3412.0,5.0,13035.0,54.0,65.0,47.0
prod_00592,livros_interesse_geral,63.0,2768.0,3.0,11477.0,47.0,17.0,68.0
prod_00593,perfumaria,62.0,389.0,1.0,20268.0,87.0,16.0,62.0
prod_00594,cool_stuff,58.0,3569.0,2.0,18906.0,10.0,70.0,55.0
prod_00595,bebes,71.0,345.0,5.0,19549.0,11.0,10.0,63.0
prod_00596,brinquedos,24.0,1266.0,7.0,1711.0,60.0,13.0,26.0
prod_00597,informatica_acessorios,57.0,945.0,4.0,10171.0,26.0,41.0,58.0
prod_00598,informatica_acessorios,26.0,3899.0,7.0,29009.0,73.0,47.0,78.0
prod_00599,beleza_saude,77.0,697.0,6.0,10287.0,35.0,5.0,22.0
prod_00600,beleza_saude,58.0,3393.0,4.0,,60.0,31.0,47.0
prod_00601,ferramentas_jardim,65.0,966.0,6.0,6028.0,13.0,19.0,56.0
prod_00602,bebes,54.0,2637.0,3.0,848.0,72.0,25.0,43.0
prod_00603,esporte_lazer,43.0,452.0,4.0,23434.0,56.0,16.0,77.0
prod_00604,brinquedos,61.0,1628.0,6.0,209.0,10.0,54.0,
prod_00605,beleza_saude,70.0,2530.0,5.0,17903.0,33.0,38.0,21.0
prod_00606,relogios_presentes,30.0,2873.0,4.0,12016.0,15.0,76.0,15.0
prod_00607,perfumaria,72.0,3502.0,4.0,2885.0,14.0,2.0,68.0
prod_00608,perfumaria,63.0,3283.0,7.0,26533.0,72.0,62.0,56.0
prod_00609,livros_interesse_geral,25.0,2122.0,1.0,22271.0,48.0,72.0,48.0
prod_00610,moveis_decoracao,76.0,1282.0,1.0,24601.0,82.0,39.0,37.0
prod_00611,livros_interesse_geral,30.0,1118.0,4.0,28102.0,33.0,56.0,35.0
prod_00612,perfumaria,56.0,3972.0,1.0,27365.0,74.0,36.0,
prod_00613,utilidades_domesticas,27.0,2472.0,3.0,21034.0,65.0,48.0,56.0
prod_00614,utilidades_domesticas,31.0,3643.0,4.0,16036.0,69.0,,77.0
prod_00615,beleza_saude,58.0,1791.0,3.0,20925.0,84.0,43.0,65.0
prod_00616,eletronicos,60.0,1993.0,2.0,13489.0,73.0,47.0,62.0
prod_00617,informatica_acessorios,61.0,3320.0,2.0,5480.0,77.0,78.0,46.0
prod_00618,moveis_decoracao,40.0,2919.0,5.0,11606.0,76.0,40.0,23.0
prod_00619,relogios_presentes,69.0,883.0,7.0,14033.0,50.0,15.0,54.0
prod_00620,esporte_lazer,22.0,2143.0,6.0,1440.0,75.0,55.0,58.0
prod_00621,perfumaria,71.0,932.0,4.0,25431.0,85.0,56.0,44.0
prod_00622,ferramentas_jardim,38.0,3067.0,1.0,27290.0,76.0,20.0,6.0
prod_00623,esporte_lazer,57.0,216.0,2.0,12628.0,,58.0,77.0
prod_00624,esporte_lazer,74.0,3325.0,4.0,14910.0,16.0,6.0,66.0
prod_00625,cama_mesa_banho,35.0,3723.0,2.0,25237.0,49.0,26.0,31.0
prod_00626,livros_interesse_geral,44.0,190.0,5.0,13679.0,15.0,68.0,42.0
prod_00627,relogios_presentes,69.0,2558.0,3.0,20659.0,19.0,50.0,14.0
prod_00628,cool_stuff,71.0,408.0,6.0,15479.0,,49.0,75.0
prod_00629,esporte_lazer,34.0,1504.0,2.0,8170.0,51.0,50.0,22.0
prod_00630,informatica_acessorios,50.0,1412.0,4.0,23834.0,57.0,14.0,33.0
prod_00631,automotivo,39.0,2126.0,6.0,5821.0,91.0,76.0,37.0
prod_00632,informatica_acessorios,51.0,3678.0,2.0,6772.0,78.0,25.0,24.0
prod_00633,brinquedos,42.0,1900.0,6.0,20757.0,48.0,63.0,52.0
prod_00634,eletronicos,20.0,1653.0,5.0,21311.0,40.0,79.0,79.0
prod_00635,moveis_decoracao,75.0,461.0,5.0,28636.0,74.0,20.0,69.0
prod_00636,brinquedos,58.0,3561.0,4.0,21337.0,34.0,51.0,44.0
prod_00637,eletronicos,47.0,1327.0,7.0,789.0,89.0,5.0,14.0
prod_00638,eletronicos,26.0,1903.0,6.0,25494.0,80.0,51.0,69.0
prod_00639,cama_mesa_banho,24.0,459.0,2.0,12446.0,71.0,36.0,24.0
prod_00640,beleza_saude,48.0,1226.0,4.0,310.0,32.0,7.0,
prod_00641,livros_interesse_geral,58.0,2258.0,7.0,17392.0,,54.0,34.0
prod_00642,eletronicos,35.0,3612.0,2.0,5153.0,83.0,77.0,43.0
prod_00643,utilidades_domesticas,64.0,1382.0,4.0,12508.0,16.0,8.0,37.0
prod_00644,automotivo,43.0,2286.0,6.0,14157.0,25.0,71.0,39.0
prod_00645,brinquedos,20.0,3515.0,2.0,2272.0,56.0,67.0,17.0
prod_00646,cool_stuff,52.0,1505.0,4.0,25523.0,,44.0,46.0
prod_00647,perfumaria,30.0,1249.0,4.0,15334.0,73.0,72.0,35.0
prod_00648,utilidades_domesticas,20.0,273.0,2.0,28955.0,46.0,26.0,68.0
prod_00649,eletronicos,27.0,3641.0,2.0,13972.0,99.0,58.0,40.0
prod_00650,cama_mesa_banho,37.0,532.0,4.0,17866.0,,56.0,77.0
prod_00651,cama_mesa_banho,50.0,940.0,2.0,24379.0,42.0,47.0,27.0
prod_00652,livros_interesse_geral,79.0,643.0,7.0,6403.0,10.0,67.0,29.0
prod_00653,esporte_lazer,33.0,2859.0,4.0,27273.0,32.0,70.0,7.0
prod_00654,livros_interesse_geral,23.0,1522.0,5.0,5578.0,31.0,63.0,
prod_00655,moveis_decoracao,31.0,2849.0,3.0,29878.0,78.0,47.0,10.0
prod_00656,utilidades_domesticas,39.0,2468.0,3.0,19201.0,40.0,78.0,26.0
prod_00657,cama_mesa_banho,32.0,158.0,4.0,15586.0,,45.0,73.0
prod_00658,livros_interesse_geral,39.0,1299.0,5.0,6341.0,38.0,51.0,50.0
prod_00659,utilidades_domesticas,78.0,115.0,3.0,17094.0,60.0,16.0,46.0
prod_00660,esporte_lazer,42.0,355.0,2.0,16614.0,80.0,27.0,65.0
prod_00661,telefonia,58.0,1944.0,2.0,29512.0,98.0,72.0,62.0
prod_00662,esporte_lazer,61.0,1132.0,4.0,25052.0,14.0,40.0,71.0
prod_00663,perfumaria,27.0,447.0,5.0,14512.0,85.0,41.0,54.0
prod_00664,beleza_saude,34.0,1693.0,4.0,11725.0,45.0,65.0,38.0
prod_00665,telefonia,44.0,1862.0,2.0,11643.0,82.0,27.0,14.0
prod_00666,relogios_presentes,47.0,3969.0,2.0,11385.0,13.0,22.0,32.0
prod_00667,cama_mesa_banho,20.0,2680.0,3.0,456.0,66.0,2.0,57.0
prod_00668,cama_mesa_banho,58.0,1632.0,3.0,1132.0,93.0,20.0,24.0
prod_00669,automotivo,38.0,1945.0,2.0,22554.0,13.0,41.0,55.0
prod_00670,relogios_presentes,39.0,447.0,7.0,7659.0,81.0,58.0,15.0
prod_00671,esporte_lazer,56.0,1607.0,3.0,12368.0,20.0,27.0,9.0
prod_00672,esporte_lazer,76.0,2366.0,2.0,20960.0,98.0,36.0,32.0
prod_00673,perfumaria,71.0,181.0,5.0,18244.0,76.0,19.0,22.0
prod_00674,ferramentas_jardim,78.0,3686.0,6.0,10843.0,91.0,65.0,70.0
prod_00675,,44.0,2108.0,4.0,22585.0,90.0,42.0,33.0
prod_00676,bebes,27.0,3168.0,5.0,4791.0,38.0,13.0,36.0
prod_00677,beleza_saude,32.0,1174.0,1.0,14205.0,47.0,49.0,35.0
prod_00678,ferramentas_jardim,40.0,3361.0,4.0,3217.0,72.0,28.0,28.0
prod_00679,perfumaria,38.0,1530.0,1.0,15971.0,25.0,69.0,73.0
prod_00680,informatica_acessorios,32.0,3720.0,1.0,2896.0,37.0,22.0,60.0
prod_00681,automotivo,29.0,2136.0,5.0,28249.0,18.0,69.0,16.0
prod_00682,perfumaria,31.0,2582.0,2.0,19791.0,89.0,56.0,21.0
prod_00683,brinquedos,59.0,894.0,1.0,7401.0,32.0,12.0,11.0
prod_00684,informatica_acessorios,49.0,3980.0,2.0,18398.0,46.0,61.0,24.0
prod_00685,cool_stuff,22.0,851.0,6.0,10532.0,50.0,58.0,54.0
prod_00686,perfumaria,53.0,229.0,5.0,15579.0,43.0,37.0,75.0
prod_00687,cama_mesa_banho,70.0,1815.0,3.0,5061.0,80.0,14.0,41.0
prod_00688,brinquedos,45.0,3355.0,7.0,15034.0,92.0,39.0,11.0
prod_00689,automotivo,39.0,3692.0,3.0,3248.0,61.0,49.0,8.0
prod_00690,utilidades_domesticas,36.0,3442.0,7.0,4636.0,85.0,12.0,36.0
prod_00691,cama_mesa_banho,42.0,2256.0,3.0,17541.0,19.0,28.0,24.0
prod_00692,beleza_saude,36.0,3675.0,1.0,15043.0,96.0,56.0,48.0
prod_00693,perfumaria,75.0,2018.0,1.0,8842.0,20.0,45.0,13.0
prod_00694,bebes,79.0,1964.0,2.0,1845.0,15.0,79.0,22.0
prod_00695,relogios_presentes,40.0,804.0,2.0,12734.0,,18.0,46.0
prod_00696,livros_interesse_geral,75.0,3172.0,2.0,27779.0,31.0,62.0,26.0
prod_00697,eletronicos,71.0,1332.0,3.0,21256.0,85.0,35.0,32.0
prod_00698,cool_stuff,24.0,860.0,7.0,1787.0,37.0,19.0,21.0
prod_00699,brinquedos,49.0,1541.0,2.0,28139.0,81.0,76.0,8.0
prod_00700,livros_interesse_geral,59.0,2452.0,2.0,12734.0,48.0,50.0,30.0
prod_00701,brinquedos,45.0,1153.0,7.0,17295.0,19.0,43.0,
prod_00702,eletronicos,47.0,1498.0,2.0,67.0,52.0,25.0,72.0
prod_00703,livros_interesse_geral,49.0,1387.0,6.0,9337.0,30.0,70.0,71.0
prod_00704,informatica_acessorios,61.0,2425.0,5.0,23595.0,36.0,4.0,37.0
prod_00705,cool_stuff,37.0,2884.0,7.0,9954.0,56.0,10.0,26.0
prod_00706,ferramentas_jardim,55.0,2734.0,4.0,5026.0,81.0,16.0,36.0
prod_00707,bebes,34.0,650.0,5.0,2765.0,62.0,52.0,50.0
prod_00708,,73.0,1453.0,2.0,27751.0,30.0,10.0,33.0
prod_00709,bebes,25.0,2629.0,5.0,24395.0,74.0,64.0,61.0
prod_00710,telefonia,24.0,943.0,5.0,1367.0,72.0,17.0,77.0
prod_00711,relogios_presentes,22.0,370.0,7.0,27760.0,,54.0,35.0
prod_00712,esporte_lazer,40.0,1354.0,1.0,24632.0,86.0,64.0,13.0
prod_00713,utilidades_domesticas,56.0,2747.0,2.0,10829.0,85.0,70.0,14.0
prod_00714,livros_interesse_geral,79.0,2689.0,1.0,19716.0,64.0,24.0,70.0
prod_00715,ferramentas_jardim,47.0,606.0,6.0,7775.0,,7.0,36.0
prod_00716,ferramentas_jardim,30.0,2739.0,1.0,7529.0,41.0,61.0,29.0
prod_00717,eletronicos,42.0,858.0,7.0,21449.0,49.0,36.0,51.0
prod_00718,moveis_decoracao,27.0,2991.0,3.0,6112.0,26.0,76.0,76.0
prod_00719,cool_stuff,48.0,2309.0,3.0,10687.0,37.0,16.0,36.0
prod_00720,utilidades_domesticas,63.0,593.0,7.0,10762.0,22.0,46.0,28.0
prod_00721,bebes,22.0,1465.0,6.0,4550.0,23.0,11.0,69.0
prod_00722,relogios_presentes,66.0,3292.0,4.0,24860.0,76.0,39.0,11.0
prod_00723,bebes,33.0,1787.0,7.0,20231.0,21.0,2.0,68.0
prod_00724,ferramentas_jardim,60.0,2783.0,6.0,25865.0,52.0,60.0,44.0
prod_00725,perfumaria,68.0,3018.0,5.0,15741.0,,49.0,6.0
prod_00726,eletronicos,66.0,218.0,3.0,5299.0,14.0,9.0,22.0
prod_00727,perfumaria,60.0,3732.0,7.0,8421.0,84.0,40.0,55.0
prod_00728,utilidades_domesticas,61.0,1408.0,6.0,10635.0,98.0,35.0,61.0
prod_00729,automotivo,31.0,3194.0,7.0,28261.0,67.0,54.0,19.0
prod_00730,telefonia,28.0,1920.0,7.0,7162.0,70.0,40.0,54.0
prod_00731,beleza_saude,42.0,2350.0,4.0,20807.0,30.0,,79.0
prod_00732,brinquedos,56.0,1506.0,3.0,3723.0,85.0,66.0,56.0
prod_00733,relogios_presentes,57.0,3427.0,7.0,28681.0,,42.0,57.0
prod_00734,relogios_presentes,66.0,557.0,7.0,19411.0,49.0,65.0,19.0
prod_00735,beleza_saude,38.0,3594.0,1.0,12948.0,73.0,71.0,52.0
prod_00736,automotivo,71.0,908.0,5.0,10408.0,95.0,68.0,58.0
prod_00737,brinquedos,46.0,3544.0,5.0,10668.0,64.0,76.0,13.0
prod_00738,beleza_saude,34.0,195.0,6.0,6800.0,27.0,56.0,28.0
prod_00739,cool_stuff,64.0,153.0,7.0,18014.0,39.0,45.0,
prod_00740,esporte_lazer,27.0,463.0,2.0,25986.0,26.0,43.0,79.0
prod_00741,esporte_lazer,44.0,2236.0,7.0,7274.0,39.0,17.0,17.0
prod_00742,,66.0,1138.0,5.0,22462.0,90.0,66.0,59.0
prod_00743,relogios_presentes,66.0,2431.0,1.0,17007.0,27.0,56.0,42.0
prod_00744,eletronicos,35.0,3297.0,4.0,23224.0,90.0,70.0,49.0
prod_00745,beleza_saude,29.0,205.0,1.0,23104.0,35.0,56.0,43.0
prod_00746,utilidades_domesticas,21.0,2153.0,7.0,1223.0,54.0,39.0,70.0
prod_00747,ferramentas_jardim,25.0,2983.0,6.0,685.0,57.0,25.0,38.0
prod_00748,informatica_acessorios,69.0,1755.0,7.0,27458.0,21.0,78.0,49.0
prod_00749,livros_interesse_geral,67.0,3707.0,5.0,4705.0,26.0,59.0,55.0
prod_00750,ferramentas_jardim,50.0,2682.0,3.0,17263.0,37.0,70.0,46.0
prod_00751,livros_interesse_geral,54.0,234.0,3.0,22604.0,15.0,47.0,70.0
prod_00752,livros_interesse_geral,39.0,2211.0,7.0,15138.0,77.0,41.0,22.0
prod_00753,beleza_saude,31.0,1597.0,2.0,234.0,59.0,4.0,76.0
prod_00754,telefonia,20.0,612.0,7.0,367.0,86.0,7.0,55.0
prod_00755,ferramentas_jardim,60.0,3806.0,3.0,20103.0,87.0,57.0,77.0
prod_00756,cama_mesa_banho,22.0,968.0,5.0,26934.0,41.0,19.0,33.0
prod_00757,,26.0,425.0,5.0,10335.0,83.0,8.0,
prod_00758,,67.0,967.0,1.0,16339.0,15.0,62.0,8.0
prod_00759,perfumaria,54.0,3309.0,2.0,28016.0,48.0,50.0,74.0
prod_00760,relogios_presentes,49.0,2439.0,2.0,24763.0,69.0,10.0,66.0
prod_00761,bebes,33.0,3297.0,6.0,16238.0,51.0,40.0,27.0
prod_00762,cool_stuff,28.0,1900.0,1.0,19682.0,76.0,38.0,8.0
prod_00763,cama_mesa_banho,47.0,556.0,5.0,28840.0,87.0,2.0,57.0
prod_00764,moveis_decoracao,41.0,1611.0,1.0,23910.0,,49.0,55.0
prod_00765,livros_interesse_geral,52.0,879.0,6.0,12504.0,34.0,32.0,44.0
prod_00766,cama_mesa_banho,29.0,2270.0,7.0,20803.0,62.0,70.0,16.0
prod_00767,beleza_saude,33.0,1150.0,3.0,9900.0,88.0,11.0,73.0
prod_00768,utilidades_domesticas,26.0,3883.0,2.0,27632.0,98.0,68.0,37.0
prod_00769,livros_interesse_geral,45.0,1571.0,4.0,2851.0,83.0,2.0,59.0
prod_00770,ferramentas_jardim,36.0,1325.0,5.0,6803.0,32.0,61.0,69.0
prod_00771,esporte_lazer,33.0,3939.0,6.0,10413.0,28.0,63.0,46.0
prod_00772,relogios_presentes,52.0,2128.0,5.0,6102.0,61.0,33.0,12.0
prod_00773,livros_interesse_geral,49.0,764.0,5.0,17871.0,46.0,23.0,71.0
prod_00774,informatica_acessorios,32.0,1973.0,5.0,21390.0,64.0,13.0,55.0
prod_00775,brinquedos,61.0,1093.0,2.0,26718.0,93.0,28.0,72.0
prod_00776,telefonia,40.0,2894.0,2.0,15066.0,59.0,54.0,50.0
prod_00777,perfumaria,40.0,2337.0,7.0,18659.0,41.0,58.0,73.0
prod_00778,perfumaria,48.0,2948.0,5.0,17994.0,88.0,16.0,70.0
prod_00779,bebes,28.0,3766.0,7.0,152.0,49.0,2.0,21.0
prod_00780,beleza_saude,45.0,2943.0,5.0,21270.0,64.0,45.0,17.0
prod_00781,telefonia,54.0,1428.0,4.0,746.0,22.0,47.0,17.0
prod_00782,ferramentas_jardim,27.0,885.0,4.0,16445.0,55.0,78.0,64.0
prod_00783,relogios_presentes,53.0,2164.0,5.0,29994.0,48.0,61.0,23.0
prod_00784,cool_stuff,22.0,1851.0,2.0,23641.0,21.0,44.0,38.0
prod_00785,cool_stuff,56.0,1320.0,4.0,15219.0,29.0,48.0,64.0
prod_00786,utilidades_domesticas,22.0,3263.0,6.0,9600.0,73.0,52.0,37.0
prod_00787,beleza_saude,30.0,3646.0,1.0,25124.0,26.0,37.0,9.0
prod_00788,livros_interesse_geral,41.0,1587.0,1.0,25776.0,21.0,54.0,32.0
prod_00789,bebes,56.0,2755.0,2.0,11071.0,15.0,17.0,12.0
prod_00790,eletronicos,63.0,3938.0,5.0,3274.0,12.0,66.0,33.0
prod_00791,moveis_decoracao,48.0,146.0,2.0,17487.0,49.0,69.0,60.0
prod_00792,utilidades_domesticas,27.0,1522.0,4.0,19038.0,53.0,35.0,43.0
prod_00793,utilidades_domesticas,43.0,2977.0,1.0,28025.0,66.0,37.0,55.0
prod_00794,cama_mesa_banho,67.0,2040.0,2.0,26709.0,61.0,40.0,13.0
prod_00795,esporte_lazer,25.0,3188.0,1.0,6910.0,58.0,65.0,61.0
prod_00796,moveis_decoracao,62.0,1950.0,6.0,7618.0,99.0,15.0,36.0
prod_00797,livros_interesse_geral,43.0,351.0,4.0,29910.0,32.0,28.0,26.0
prod_00798,,20.0,1791.0,2.0,9838.0,74.0,49.0,53.0
prod_00799,automotivo,61.0,1677.0,4.0,,17.0,56.0,15.0
